env_step,episode_reward,step
10.0,-8.233392101398032,1
20.0,-5.496277315890374,2
